,Direction,Lag,F-statistic,p-value,AIC
269,competent -> tight,10,3.178178756697823,0.004726130926158791,-26.590930939043844
162,positive -> indicoll,3,3.0376595024036934,0.03599970429484902,-26.96037108942137
248,positive -> tight,9,2.1318458363347363,0.04852929049366032,-26.652513849347603
222,virtue -> indicoll,3,4.274878478739751,0.008481790627850337,-27.07533733645325
192,warm -> indicoll,3,4.218750398978829,0.009048121440819259,-26.53789453265511
